id;name;gender;dob;address;phone;email
1;down finished mid;about huzzah;abaft rebuke;capitalise against;1-959-656-3814;Eriberto.McClure@gmail.com
2;heavily;flat rare optimal;retrospectivity mmm amid;abnormally dredger;(358) 988-9020;Garret2@hotmail.com
3;chromakey;bestride shadowbox geez;whether boo;down plus;262-293-7401 x4876;Eulah16@gmail.com
4;thoroughly boohoo;untrue;corner amidst yearningly;ew mortally geez;708.635.4756 x1218;Waldo22@hotmail.com
5;gee through wound;scratch regarding;optimistically;jazz;365.937.6337 x67975;Evie.Connelly@yahoo.com
6;reopen phooey tense;boss deficient;suburban viciously than;pack ah;847.594.1173 x99826;Tressie.Schultz@gmail.com
7;steel;bonfire amongst busily;at even;defrag cease that;1-951-706-3321;Diamond_Hane@gmail.com
8;finally wonderfully;babyish;gah even yuck;brave pish;311.877.4903 x4224;Jayde94@gmail.com
9;ah nor while;nor finally especially;incidentally affectionate;sudden famously unto;421.524.1768;Rhoda58@yahoo.com
10;with;meh ick while;athletic;though illiterate whenever;252-254-0489 x907;Harmon23@hotmail.com
